jmeno|podnik|pocet
Grace Bartlett|Hotel Turismo|38
Carla Becker|Zlatý talíř|6
Quamar Winters|Restaurant Anna|86
Flynn Dixon|Restaurant Anna|84
Tanisha Terrell|U Rohatejch|3
Aquila Howard|Rebelion|32
William Mcguire|Kozlovna|1
Nerea Irwin|Rebelion|8
Dorian Austin|Kozlovna|62
Vernon Pruitt|Restaurant Anna|37
Portia Gardner|Zlatý talíř|33
Reuben Jennings|Hotel Turismo|32
Ulric Gregory|U Rohatejch|45
Lucas Walsh|Zlatý talíř|25
Merrill Schneider|Hotel Turismo|94
Kaden Mays|Hotel Turismo|5
Micah Giles|Restaurant Anna|61
Velma Colon|U Rohatejch|49
Ulric Bruce|Zlatý talíř|99
Henry Mullins|Kozlovna|69
Ina Castro|Hotel Turismo|23
Craig Gilliam|Hotel Turismo|48
Xaviera Hoover|Hotel Turismo|56
Alfonso Sparks|U Rohatejch|65
Whoopi Craft|Rebelion|73
Debra Guy|Hotel Turismo|38
Len Adams|U Rohatejch|86
Omar Robinson|Zlatý talíř|9
Mara Sexton|Hotel Turismo|77
Jasmine Cruz|Zlatý talíř|8
Chanda Wolfe|U Rohatejch|17
Hu Gill|Hotel Turismo|79
Kenyon Barker|U Rohatejch|39
Zeph Pugh|U Rohatejch|29
Skyler Rush|Zlatý talíř|71
Uma Maynard|U Rohatejch|12
Zelenia Daniel|Kozlovna|34
Troy Spencer|Kozlovna|42
Kirestin Austin|Restaurant Anna|22
Lisandra Robertson|Restaurant Anna|21
Barclay Simpson|Zlatý talíř|50
Quamar Peters|U Rohatejch|24
Moana Fields|Rebelion|21
Bell Leon|Restaurant Anna|11
Ginger Harvey|U Rohatejch|90
Lavinia Lara|Zlatý talíř|42
Serena Gamble|Kozlovna|70
Judith Riddle|Restaurant Anna|77
Kuame Meyer|Kozlovna|18
Josephine Rowland|Restaurant Anna|94
Phoebe Cash|Rebelion|46
Venus Noel|Kozlovna|41
Elton Calderon|Kozlovna|86
Colleen Koch|Hotel Turismo|17
Tanner Bond|Rebelion|80
Zelenia Mcgowan|Rebelion|60
Jayme Stokes|U Rohatejch|46
Orlando Colon|Restaurant Anna|17
Ayanna Calhoun|Rebelion|39
Joshua Willis|Rebelion|10
Ciaran Powers|Hotel Turismo|35
Abdul Roth|Rebelion|28
Tucker Daniel|Zlatý talíř|12
Lani Rivas|Rebelion|88
Anastasia Tanner|Hotel Turismo|6
Cain Fernandez|Rebelion|49
Thaddeus Bean|Hotel Turismo|33
Demetrius Pearson|Rebelion|100
Elton Leon|Rebelion|66
Kimberley Nicholson|Restaurant Anna|75
Arsenio Duran|U Rohatejch|23
Cameran Glass|Kozlovna|39
Yoko Thomas|Zlatý talíř|91
Willow Foreman|Zlatý talíř|10
Clayton Mendoza|Zlatý talíř|81
Hedy Boone|U Rohatejch|53
Desiree Wood|U Rohatejch|59
Sawyer Estes|Zlatý talíř|38
Marcia Lancaster|Zlatý talíř|55
Debra Riddle|Restaurant Anna|16
Nigel Jacobson|Restaurant Anna|22
Rose Bolton|Restaurant Anna|67
Farrah Ashley|Kozlovna|44
Ocean Barron|Restaurant Anna|30
Chester Monroe|U Rohatejch|47
Nicole Faulkner|Kozlovna|32
Jacqueline Briggs|Zlatý talíř|45
Mariam Castro|Zlatý talíř|9
Carla Velazquez|Rebelion|53
Natalie Green|Restaurant Anna|68
Slade Mercer|Restaurant Anna|78
Beck Dunn|Restaurant Anna|81
Francis Wolfe|U Rohatejch|40
Kelsie Roberts|Rebelion|48
Declan Galloway|Zlatý talíř|51
Renee Sherman|Hotel Turismo|57
Kennan Jones|Hotel Turismo|72
Xenos Tate|Restaurant Anna|95
Harlan Moody|U Rohatejch|36
Jesse Conway|Kozlovna|96